name,phone,email,source,campaign,model,city,enquiry date
Sreelakshmi Varma,7107420369,sreelakshmi.varma95@yahoo.com,Meta,Fleet Discount,Toyota Innova Crysta,Ernakulam,18/08/2026
Divya Paul,8812140441,divya.paul5@yahoo.com,Meta,Lucky Draw Offer,Toyota Corolla Cross,Kochi,18/08/2026
Anjali Hussain,9791232393,anjali.hussain90@gmail.com,Meta,Premium Drive,Toyota Rumion,Kasaragod,01/08/2026
Deepak Shaikh,8815115025,deepak.shaikh44@yahoo.com,Meta,Corporate Deal,Toyota Glanza,Thrissur,03/08/2026
Sreenath Singh,8541804686,sreenath.singh45@gmail.com,Referral,Fleet Discount,Toyota Vellfire,Kottayam,04/08/2026
Sreenath Kumar,9370996465,sreenath.kumar38@gmail.com,Instagram,Test Drive Camp,Toyota Glanza,Malappuram,07/08/2026
Aditya Nair,9840104345,aditya.nair30@gmail.com,Website,Test Drive Camp,Toyota Urban Cruiser Hyryder,Pathanamthitta,04/08/2026
Sreenath Das,8947382419,sreenath.das82@gmail.com,Meta,Trade-In Fest,Toyota Urban Cruiser Hyryder,Ernakulam,09/08/2026
Sreelatha Ali,7306671447,sreelatha.ali78@gmail.com,Google,End of Year Deals,Toyota Camry Hybrid,Alappuzha,13/08/2026
Prasad Khan,9955633092,prasad.khan72@yahoo.com,Google,Corporate Deal,Toyota Fortuner,Thiruvananthapuram,02/08/2026
Sreejith Warrier,8149938334,sreejith.warrier9@yahoo.com,WhatsApp,Fleet Discount,Toyota Glanza,Thiruvananthapuram,21/08/2026
Rose Warrier,9761027762,rose.warrier59@yahoo.com,Meta,Fleet Discount,Toyota Land Cruiser 300,Kottayam,09/08/2026
Subin Sukumaran,9506254832,subin.sukumaran52@gmail.com,Website,Diwali Bonanza,Toyota Land Cruiser 300,Alappuzha,03/08/2026
Vikram Chaudhary,7470939445,vikram.chaudhary20@gmail.com,Walk-in,Zero Down Payment,Toyota Corolla Cross,Thrissur,13/08/2026
Sreenath Chacko,9010258946,sreenath.chacko68@yahoo.com,Instagram,Summer Sale 2026,Toyota Innova Crysta,Ernakulam,18/08/2026
Prasad Verma,9752909971,prasad.verma44@yahoo.com,Google,EMI Carnival,Toyota Fortuner,Idukki,09/08/2026
George Mulla,7767303988,george.mulla65@gmail.com,Referral,New Model Launch,Toyota Land Cruiser 300,Malappuram,07/08/2026
Asha Unnithan,7693847829,asha.unnithan70@gmail.com,YouTube,Summer Sale 2026,Toyota Corolla Cross,Kollam,16/08/2026
Arjun Varma,8558990517,arjun.varma40@yahoo.com,Meta,Premium Drive,Toyota Innova Crysta,Thrissur,16/08/2026
Aditya Mulla,9287955558,aditya.mulla99@yahoo.com,Instagram,Lucky Draw Offer,Toyota Camry Hybrid,Kannur,17/08/2026
Gopika Sukumaran,7909666337,gopika.sukumaran70@gmail.com,Instagram,Fleet Discount,Toyota Rumion,Palakkad,22/08/2026
Suraj Unnithan,8881625505,suraj.unnithan67@gmail.com,Meta,Monsoon Offers,Toyota Glanza,Kochi,19/08/2026
Ravi Desai,9527331058,ravi.desai29@yahoo.com,Walk-in,Summer Sale 2026,Toyota Urban Cruiser Hyryder,Thrissur,02/08/2026
Unnikrishnan Menon,9208283728,unnikrishnan.menon31@yahoo.com,Google,Lucky Draw Offer,Toyota Camry Hybrid,Idukki,19/08/2026
Chandana Thomas,8043665192,chandana.thomas61@gmail.com,Meta,Monsoon Offers,Toyota Hilux,Kollam,14/08/2026
Abdul Mohan,7232663462,abdul.mohan87@gmail.com,Instagram,Summer Sale 2026,Toyota Hilux,Idukki,11/08/2026
Pooja Rao,7822873088,pooja.rao25@gmail.com,Meta,Diwali Bonanza,Toyota Rumion,Alappuzha,08/08/2026
Meera Rajan,9363629219,meera.rajan13@yahoo.com,Website,Test Drive Camp,Toyota Fortuner,Thrissur,08/08/2026
Nandini Karunakaran,9085812759,nandini.karunakaran62@yahoo.com,Google,Summer Sale 2026,Toyota Camry Hybrid,Palakkad,01/08/2026
Jayalakshmi Bose,8954246074,jayalakshmi.bose37@gmail.com,WhatsApp,Corporate Deal,Toyota Land Cruiser 300,Ernakulam,16/08/2026
Asha Shah,8274350418,asha.shah28@gmail.com,Instagram,Lucky Draw Offer,Toyota Fortuner,Idukki,11/08/2026
Sneha Pillai,9509023674,sneha.pillai62@gmail.com,Referral,Diwali Bonanza,Toyota Fortuner,Kottayam,03/08/2026
Revathi Menon,9555656321,revathi.menon9@gmail.com,Meta,Monsoon Offers,Toyota Corolla Cross,Thiruvananthapuram,19/08/2026
Sandeep Nair,9660223333,sandeep.nair11@gmail.com,Instagram,Lucky Draw Offer,Toyota Glanza,Wayanad,09/08/2026
Manoj Ansari,8349409434,manoj.ansari31@yahoo.com,Meta,Weekend Special,Toyota Rumion,Alappuzha,11/08/2026
Meera Sharma,8968321319,meera.sharma80@gmail.com,Website,Monsoon Offers,Toyota Land Cruiser 300,Thiruvananthapuram,17/08/2026
Nithya Iyer,8498981529,nithya.iyer9@gmail.com,Google,Diwali Bonanza,Toyota Vellfire,Pathanamthitta,18/08/2026
Arun Antony,9808806886,arun.antony68@yahoo.com,Referral,New Model Launch,Toyota Innova Crysta,Wayanad,05/08/2026
Nithya Varma,7459716009,nithya.varma96@gmail.com,Meta,Premium Drive,Toyota Urban Cruiser Hyryder,Idukki,11/08/2026
Manoj Siddiqui,9724031273,manoj.siddiqui34@gmail.com,Meta,Test Drive Camp,Toyota Fortuner,Thrissur,21/08/2026
Ibrahim Shukla,8188332531,ibrahim.shukla6@yahoo.com,Walk-in,Weekend Special,Toyota Rumion,Kozhikode,15/08/2026
Ravi Hussain,8836901321,ravi.hussain72@yahoo.com,Meta,Fleet Discount,Toyota Camry Hybrid,Kottayam,02/08/2026
Anu Paul,9373077218,anu.paul19@gmail.com,Meta,Trade-In Fest,Toyota Fortuner,Wayanad,12/08/2026
Manoj Siddiqui,8071722055,manoj.siddiqui86@yahoo.com,Walk-in,Test Drive Camp,Toyota Hilux,Malappuram,05/08/2026
Vinay Chaudhary,7697939765,vinay.chaudhary23@gmail.com,Meta,Fleet Discount,Toyota Glanza,Kasaragod,14/08/2026
Akshay Chaudhary,8065870178,akshay.chaudhary35@yahoo.com,Walk-in,Zero Down Payment,Toyota Fortuner,Pathanamthitta,16/08/2026
Rajesh Shah,8976987348,rajesh.shah45@gmail.com,Walk-in,End of Year Deals,Toyota Urban Cruiser Hyryder,Kochi,22/08/2026
Harish Warrier,8409874348,harish.warrier36@gmail.com,WhatsApp,New Model Launch,Toyota Glanza,Ernakulam,17/08/2026
Fatima Siddiqui,9303029031,fatima.siddiqui43@gmail.com,Meta,New Model Launch,Toyota Camry Hybrid,Malappuram,09/08/2026
Rohan Singh,9562254028,rohan.singh56@gmail.com,Walk-in,Zero Down Payment,Toyota Corolla Cross,Kottayam,04/08/2026
Jayalakshmi Tripathi,9476426797,jayalakshmi.tripathi25@yahoo.com,Walk-in,Summer Sale 2026,Toyota Land Cruiser 300,Wayanad,18/08/2026
Sreelatha Qureshi,9880327491,sreelatha.qureshi26@gmail.com,Meta,Weekend Special,Toyota Glanza,Malappuram,11/08/2026
Kavitha Dwivedi,7535261654,kavitha.dwivedi93@gmail.com,Google,Weekend Special,Toyota Hilux,Kollam,13/08/2026
Amitha Philip,7546696950,amitha.philip25@gmail.com,WhatsApp,Weekend Special,Toyota Camry Hybrid,Malappuram,19/08/2026
Arun Warrier,9353372386,arun.warrier1@gmail.com,Meta,Corporate Deal,Toyota Corolla Cross,Malappuram,21/08/2026
Athira Mohan,8897456484,athira.mohan57@gmail.com,Google,Corporate Deal,Toyota Camry Hybrid,Ernakulam,03/08/2026
Biju Mathew,9851230518,biju.mathew82@gmail.com,Meta,Corporate Deal,Toyota Urban Cruiser Hyryder,Ernakulam,10/08/2026
Rajesh Dubey,7855256552,rajesh.dubey19@yahoo.com,Meta,EMI Carnival,Toyota Corolla Cross,Pathanamthitta,03/08/2026
Faisal Karunakaran,9704821724,faisal.karunakaran74@yahoo.com,Instagram,EMI Carnival,Toyota Hilux,Thiruvananthapuram,05/08/2026
Suraj Shaikh,7023814791,suraj.shaikh97@gmail.com,YouTube,Corporate Deal,Toyota Hilux,Thiruvananthapuram,06/08/2026
Xavier Mohan,7215686308,xavier.mohan72@yahoo.com,Referral,EMI Carnival,Toyota Camry Hybrid,Kasaragod,15/08/2026
Akshay George,9400565848,akshay.george77@gmail.com,Walk-in,EMI Carnival,Toyota Corolla Cross,Pathanamthitta,17/08/2026
Ibrahim Shukla,9353092123,ibrahim.shukla58@gmail.com,Walk-in,EMI Carnival,Toyota Vellfire,Kannur,08/08/2026
Sreelakshmi Das,9238965651,sreelakshmi.das63@gmail.com,Meta,Monsoon Offers,Toyota Rumion,Thiruvananthapuram,09/08/2026
Unnikrishnan Kurup,9319936135,unnikrishnan.kurup11@yahoo.com,Meta,Fleet Discount,Toyota Camry Hybrid,Idukki,07/08/2026
Aditya Karunakaran,8750625978,aditya.karunakaran43@gmail.com,Google,End of Year Deals,Toyota Hilux,Palakkad,19/08/2026
Arjun Dwivedi,9472571231,arjun.dwivedi49@gmail.com,WhatsApp,New Model Launch,Toyota Hilux,Pathanamthitta,14/08/2026
Patrick Malik,9345620385,patrick.malik78@gmail.com,Google,New Model Launch,Toyota Hilux,Alappuzha,01/08/2026
Jayalakshmi Namboothiri,9872790327,jayalakshmi.namboothiri87@gmail.com,Walk-in,Test Drive Camp,Toyota Vellfire,Wayanad,05/08/2026
Manju Abraham,7115820025,manju.abraham51@gmail.com,Instagram,Monsoon Offers,Toyota Hilux,Kozhikode,15/08/2026
Revathi Pillai,8117362852,revathi.pillai49@gmail.com,Google,Trade-In Fest,Toyota Hilux,Kannur,14/08/2026
Ajith Shukla,7351784589,ajith.shukla61@yahoo.com,Google,Trade-In Fest,Toyota Urban Cruiser Hyryder,Ernakulam,03/08/2026
Suraj Nair,7133272825,suraj.nair32@yahoo.com,Meta,Diwali Bonanza,Toyota Urban Cruiser Hyryder,Kozhikode,16/08/2026
Akshay Varma,9422230882,akshay.varma28@gmail.com,Meta,Trade-In Fest,Toyota Camry Hybrid,Malappuram,20/08/2026
Sanjay Verma,7703368777,sanjay.verma40@yahoo.com,Meta,New Model Launch,Toyota Corolla Cross,Ernakulam,13/08/2026
Mohammed Hussain,7851819913,mohammed.hussain10@gmail.com,Referral,End of Year Deals,Toyota Innova Crysta,Idukki,10/08/2026
Sreelatha Chacko,7519927529,sreelatha.chacko73@gmail.com,Google,Zero Down Payment,Toyota Glanza,Thrissur,17/08/2026
Parvathy Namboothiri,7054340558,parvathy.namboothiri54@gmail.com,Meta,Trade-In Fest,Toyota Vellfire,Idukki,05/08/2026
Rukhsana Gupta,9240885202,rukhsana.gupta84@yahoo.com,Referral,Lucky Draw Offer,Toyota Vellfire,Alappuzha,14/08/2026
Nimitha Das,8384287616,nimitha.das32@gmail.com,Meta,EMI Carnival,Toyota Urban Cruiser Hyryder,Kasaragod,15/08/2026
Manu Antony,9869847630,manu.antony49@gmail.com,Google,Trade-In Fest,Toyota Camry Hybrid,Alappuzha,07/08/2026
Lekha Dubey,8109615163,lekha.dubey44@yahoo.com,Instagram,New Model Launch,Toyota Land Cruiser 300,Kochi,17/08/2026
Harish Kumar,8036616336,harish.kumar93@gmail.com,Instagram,End of Year Deals,Toyota Vellfire,Ernakulam,16/08/2026
Nusrath Tiwari,7074059253,nusrath.tiwari12@yahoo.com,Google,End of Year Deals,Toyota Rumion,Ernakulam,19/08/2026
Anu Thomas,9377148230,anu.thomas68@gmail.com,Website,Lucky Draw Offer,Toyota Glanza,Kollam,15/08/2026
Prasad Mishra,8079770569,prasad.mishra30@yahoo.com,Meta,Monsoon Offers,Toyota Land Cruiser 300,Kasaragod,06/08/2026
Harish Joshi,9079617090,harish.joshi36@gmail.com,Website,Lucky Draw Offer,Toyota Corolla Cross,Kannur,04/08/2026
Harish Mehta,7977032766,harish.mehta47@yahoo.com,Meta,Lucky Draw Offer,Toyota Camry Hybrid,Kannur,02/08/2026
Vikram Philip,8254717325,vikram.philip90@gmail.com,Instagram,Corporate Deal,Toyota Vellfire,Thrissur,01/08/2026
Chandana Mehta,9016044512,chandana.mehta62@gmail.com,Meta,Summer Sale 2026,Toyota Rumion,Pathanamthitta,16/08/2026
Sanjay Pandey,7280647907,sanjay.pandey52@gmail.com,Instagram,Weekend Special,Toyota Fortuner,Kozhikode,05/08/2026
Manu Mishra,7365849190,manu.mishra32@yahoo.com,Walk-in,Premium Drive,Toyota Corolla Cross,Kasaragod,20/08/2026
Rajesh Verma,9244431947,rajesh.verma49@gmail.com,Google,Test Drive Camp,Toyota Corolla Cross,Palakkad,10/08/2026
Manu Antony,7258687184,manu.antony79@gmail.com,Meta,Corporate Deal,Toyota Urban Cruiser Hyryder,Ernakulam,07/08/2026
Nithya Ansari,7348697524,nithya.ansari21@yahoo.com,Instagram,Diwali Bonanza,Toyota Fortuner,Palakkad,15/08/2026
Sandeep Thomas,8250949136,sandeep.thomas5@yahoo.com,Walk-in,Fleet Discount,Toyota Vellfire,Thrissur,22/08/2026
Sunita Bose,9684603688,sunita.bose76@gmail.com,WhatsApp,Zero Down Payment,Toyota Innova Crysta,Kottayam,08/08/2026
Parvathy Krishnan,8140882778,parvathy.krishnan19@yahoo.com,Meta,New Model Launch,Toyota Corolla Cross,Idukki,19/08/2026
Biju Rajan,7534094883,biju.rajan60@gmail.com,Instagram,New Model Launch,Toyota Land Cruiser 300,Kottayam,16/08/2026
Hamza Kumar,9568547910,hamza.kumar6@gmail.com,Walk-in,Premium Drive,Toyota Rumion,Kochi,03/08/2026
Sunita Siddiqui,9470461357,sunita.siddiqui76@gmail.com,Website,Weekend Special,Toyota Rumion,Malappuram,02/08/2026
Suresh Thomas,9228932714,suresh.thomas84@gmail.com,Meta,Premium Drive,Toyota Hilux,Ernakulam,16/08/2026
Divya Thomas,8494481363,divya.thomas53@gmail.com,Instagram,Test Drive Camp,Toyota Camry Hybrid,Kollam,14/08/2026
Rose Mehta,9845774616,rose.mehta52@gmail.com,Instagram,EMI Carnival,Toyota Innova Crysta,Kollam,09/08/2026
Athira Varma,8735918651,athira.varma66@gmail.com,Meta,Test Drive Camp,Toyota Land Cruiser 300,Alappuzha,14/08/2026
Vikram Shah,9226680251,vikram.shah47@gmail.com,Google,EMI Carnival,Toyota Fortuner,Thiruvananthapuram,09/08/2026
Ravi Iyer,8237075775,ravi.iyer57@gmail.com,Google,Summer Sale 2026,Toyota Corolla Cross,Kasaragod,08/08/2026
Deepak Mishra,9365835550,deepak.mishra2@gmail.com,Meta,Test Drive Camp,Toyota Innova Crysta,Alappuzha,04/08/2026
Parvathy Shukla,7661300942,parvathy.shukla64@gmail.com,Meta,Fleet Discount,Toyota Rumion,Palakkad,16/08/2026
Thomas Rao,8961882949,thomas.rao71@yahoo.com,Meta,Premium Drive,Toyota Land Cruiser 300,Idukki,05/08/2026
Aditya Das,8782164134,aditya.das44@gmail.com,Google,Test Drive Camp,Toyota Fortuner,Kannur,10/08/2026
Nimitha Paul,9834423953,nimitha.paul63@gmail.com,Google,EMI Carnival,Toyota Glanza,Kollam,18/08/2026
Celine Panikkar,8955690228,celine.panikkar42@gmail.com,Website,End of Year Deals,Toyota Corolla Cross,Palakkad,08/08/2026
Abdul Nair,8366556920,abdul.nair96@gmail.com,YouTube,Zero Down Payment,Toyota Hilux,Ernakulam,21/08/2026
Asha Joseph,7158998032,asha.joseph17@gmail.com,Instagram,Test Drive Camp,Toyota Innova Crysta,Pathanamthitta,15/08/2026
Rahul George,8962491159,rahul.george2@gmail.com,Google,Weekend Special,Toyota Camry Hybrid,Thrissur,16/08/2026
Nithya Namboothiri,9676878743,nithya.namboothiri89@gmail.com,Meta,Trade-In Fest,Toyota Land Cruiser 300,Palakkad,11/08/2026
Nithin Hussain,9095718469,nithin.hussain70@yahoo.com,Meta,Weekend Special,Toyota Rumion,Thiruvananthapuram,03/08/2026
Rukhsana Singh,9721926191,rukhsana.singh91@gmail.com,Google,Fleet Discount,Toyota Rumion,Wayanad,01/08/2026
Kavya Kurup,7241030242,kavya.kurup38@gmail.com,Google,End of Year Deals,Toyota Land Cruiser 300,Palakkad,19/08/2026
Sreelatha Tiwari,7773338452,sreelatha.tiwari22@yahoo.com,Instagram,Zero Down Payment,Toyota Corolla Cross,Ernakulam,08/08/2026
Rose Agarwal,9504640817,rose.agarwal19@yahoo.com,Instagram,EMI Carnival,Toyota Rumion,Ernakulam,01/08/2026
Asiya Tripathi,8235368585,asiya.tripathi87@gmail.com,Meta,Trade-In Fest,Toyota Corolla Cross,Kannur,21/08/2026
Ibrahim Shaikh,8074163698,ibrahim.shaikh59@gmail.com,Meta,Zero Down Payment,Toyota Vellfire,Thrissur,08/08/2026
Sreenath Jacob,8541717841,sreenath.jacob74@yahoo.com,Instagram,Summer Sale 2026,Toyota Hilux,Kannur,01/08/2026
Manu Chaudhary,9945486396,manu.chaudhary96@gmail.com,YouTube,Fleet Discount,Toyota Vellfire,Pathanamthitta,10/08/2026
Sunita Chacko,8513206988,sunita.chacko29@gmail.com,Instagram,Weekend Special,Toyota Camry Hybrid,Ernakulam,04/08/2026
Nithin Ali,7169318686,nithin.ali40@gmail.com,Meta,Trade-In Fest,Toyota Camry Hybrid,Thrissur,10/08/2026
Athira Malik,8784572192,athira.malik23@yahoo.com,Walk-in,Trade-In Fest,Toyota Land Cruiser 300,Kottayam,09/08/2026
Nandini Bose,9069520666,nandini.bose38@gmail.com,Google,Monsoon Offers,Toyota Vellfire,Thrissur,05/08/2026
Rajesh Chaudhary,9904788278,rajesh.chaudhary93@gmail.com,Google,Test Drive Camp,Toyota Land Cruiser 300,Kollam,03/08/2026
Mohammed Sharma,8135840948,mohammed.sharma69@yahoo.com,Google,Fleet Discount,Toyota Rumion,Malappuram,13/08/2026
Sreelakshmi Unnithan,7465342967,sreelakshmi.unnithan87@yahoo.com,Meta,Lucky Draw Offer,Toyota Glanza,Wayanad,20/08/2026
Rajesh Ali,7271515109,rajesh.ali82@gmail.com,YouTube,New Model Launch,Toyota Hilux,Thrissur,05/08/2026
Kavya Nair,8307235909,kavya.nair64@yahoo.com,Meta,Lucky Draw Offer,Toyota Camry Hybrid,Palakkad,15/08/2026
Anu Ansari,9991375951,anu.ansari70@gmail.com,Walk-in,Diwali Bonanza,Toyota Hilux,Ernakulam,04/08/2026
Joseph Antony,8752844368,joseph.antony36@yahoo.com,Google,EMI Carnival,Toyota Vellfire,Thiruvananthapuram,12/08/2026
Rahul Siddiqui,8577691630,rahul.siddiqui70@gmail.com,Instagram,Summer Sale 2026,Toyota Hilux,Kannur,07/08/2026
Lakshmi Dwivedi,8952996248,lakshmi.dwivedi12@gmail.com,Instagram,Premium Drive,Toyota Fortuner,Kochi,11/08/2026
Geetha Iyer,9424843951,geetha.iyer27@yahoo.com,Walk-in,End of Year Deals,Toyota Corolla Cross,Thiruvananthapuram,08/08/2026
Unnikrishnan Verma,7633740357,unnikrishnan.verma77@yahoo.com,Referral,Diwali Bonanza,Toyota Camry Hybrid,Kottayam,09/08/2026
Suresh Varma,9839220941,suresh.varma4@yahoo.com,Google,Corporate Deal,Toyota Urban Cruiser Hyryder,Malappuram,11/08/2026
Arjun Gupta,8139744790,arjun.gupta7@yahoo.com,Google,Monsoon Offers,Toyota Innova Crysta,Alappuzha,15/08/2026
Jithin Mathew,9549776132,jithin.mathew14@gmail.com,Meta,Premium Drive,Toyota Fortuner,Idukki,22/08/2026
Xavier Mishra,8967277638,xavier.mishra83@gmail.com,Meta,EMI Carnival,Toyota Hilux,Palakkad,22/08/2026
Pooja Joseph,8905085701,pooja.joseph10@gmail.com,Google,Diwali Bonanza,Toyota Innova Crysta,Kozhikode,09/08/2026
Manju Khan,9514122177,manju.khan71@gmail.com,Google,Premium Drive,Toyota Land Cruiser 300,Kannur,15/08/2026
George Chacko,8847692041,george.chacko13@gmail.com,Meta,Weekend Special,Toyota Land Cruiser 300,Idukki,07/08/2026
Rukhsana Rajan,7981372436,rukhsana.rajan53@gmail.com,Google,Zero Down Payment,Toyota Innova Crysta,Kollam,14/08/2026
Sreejith Ansari,8094743340,sreejith.ansari48@gmail.com,Instagram,EMI Carnival,Toyota Innova Crysta,Thrissur,03/08/2026
Divya Sukumaran,7414741061,divya.sukumaran96@gmail.com,Referral,Lucky Draw Offer,Toyota Fortuner,Malappuram,18/08/2026
Saranya Namboothiri,9877685081,saranya.namboothiri16@gmail.com,Referral,Corporate Deal,Toyota Hilux,Pathanamthitta,02/08/2026
Biju Chacko,8341957809,biju.chacko46@yahoo.com,Google,Diwali Bonanza,Toyota Vellfire,Thiruvananthapuram,04/08/2026
Sajeev Dwivedi,9389142017,sajeev.dwivedi48@yahoo.com,Meta,End of Year Deals,Toyota Hilux,Pathanamthitta,18/08/2026
Manju Antony,9899002906,manju.antony83@gmail.com,Instagram,Weekend Special,Toyota Rumion,Kochi,06/08/2026
Prasad Shaikh,8327079104,prasad.shaikh44@gmail.com,Meta,Diwali Bonanza,Toyota Corolla Cross,Ernakulam,13/08/2026
Aditya Krishnan,9719453060,aditya.krishnan4@yahoo.com,Google,Zero Down Payment,Toyota Hilux,Alappuzha,11/08/2026
Deepak Unnithan,8338472296,deepak.unnithan93@gmail.com,WhatsApp,Premium Drive,Toyota Innova Crysta,Wayanad,02/08/2026
Asha Patel,9653594796,asha.patel7@gmail.com,Meta,Weekend Special,Toyota Hilux,Alappuzha,20/08/2026
Hamza Karunakaran,8173242669,hamza.karunakaran28@gmail.com,Meta,Zero Down Payment,Toyota Innova Crysta,Kannur,22/08/2026
Rajeev Paul,9090071756,rajeev.paul68@gmail.com,Meta,Zero Down Payment,Toyota Corolla Cross,Kochi,01/08/2026
Manoj Mishra,7907243029,manoj.mishra99@yahoo.com,Meta,Trade-In Fest,Toyota Innova Crysta,Kochi,16/08/2026
Rukhsana Gupta,7554848380,rukhsana.gupta49@gmail.com,Meta,Lucky Draw Offer,Toyota Glanza,Thrissur,13/08/2026
Kavya Sukumaran,7080494302,kavya.sukumaran59@gmail.com,Referral,Premium Drive,Toyota Hilux,Malappuram,13/08/2026
Sreelakshmi Karunakaran,8243458354,sreelakshmi.karunakaran15@gmail.com,WhatsApp,Diwali Bonanza,Toyota Corolla Cross,Alappuzha,12/08/2026
Divya Sukumaran,7454678712,divya.sukumaran32@gmail.com,Google,Monsoon Offers,Toyota Hilux,Pathanamthitta,10/08/2026
Bindhu Desai,8430518844,bindhu.desai22@yahoo.com,Instagram,Lucky Draw Offer,Toyota Land Cruiser 300,Thiruvananthapuram,12/08/2026
Sajeev Qureshi,9772156452,sajeev.qureshi19@yahoo.com,Meta,End of Year Deals,Toyota Camry Hybrid,Malappuram,05/08/2026
Suraj Menon,7760836806,suraj.menon99@gmail.com,Google,Premium Drive,Toyota Corolla Cross,Alappuzha,22/08/2026
Manu Ali,9728585503,manu.ali80@gmail.com,Website,Trade-In Fest,Toyota Camry Hybrid,Alappuzha,03/08/2026
Thomas Rajan,9711778437,thomas.rajan39@gmail.com,Instagram,Trade-In Fest,Toyota Land Cruiser 300,Thrissur,10/08/2026
Asiya Rajan,7161521910,asiya.rajan8@gmail.com,Meta,Weekend Special,Toyota Innova Crysta,Malappuram,20/08/2026
George Panikkar,8987331439,george.panikkar75@gmail.com,Walk-in,Summer Sale 2026,Toyota Vellfire,Wayanad,19/08/2026
Suraj Shah,8380946943,suraj.shah78@gmail.com,Meta,Summer Sale 2026,Toyota Vellfire,Thrissur,11/08/2026
Kiran Mathew,9775094726,kiran.mathew23@yahoo.com,Walk-in,EMI Carnival,Toyota Land Cruiser 300,Kottayam,20/08/2026
Deepak Unnithan,8601387070,deepak.unnithan37@gmail.com,Walk-in,Weekend Special,Toyota Corolla Cross,Kochi,21/08/2026
Parvathy Namboothiri,7283089268,parvathy.namboothiri43@yahoo.com,Instagram,New Model Launch,Toyota Rumion,Idukki,22/08/2026
Gopika Chaudhary,7645848526,gopika.chaudhary43@yahoo.com,Instagram,Trade-In Fest,Toyota Rumion,Ernakulam,22/08/2026
Mohammed Iyer,9555682594,mohammed.iyer91@gmail.com,Google,Zero Down Payment,Toyota Glanza,Pathanamthitta,05/08/2026
Akshay Shaikh,9943832590,akshay.shaikh68@yahoo.com,Instagram,Lucky Draw Offer,Toyota Glanza,Kochi,12/08/2026
Reshma Gupta,7919950484,reshma.gupta44@gmail.com,Google,End of Year Deals,Toyota Camry Hybrid,Kozhikode,03/08/2026
Amitha Dwivedi,7434396266,amitha.dwivedi65@gmail.com,Referral,Lucky Draw Offer,Toyota Fortuner,Ernakulam,11/08/2026
Manju Iyer,9565153945,manju.iyer49@yahoo.com,Meta,Fleet Discount,Toyota Corolla Cross,Kasaragod,06/08/2026
Hamza Nair,8764624310,hamza.nair47@gmail.com,Meta,EMI Carnival,Toyota Corolla Cross,Kannur,15/08/2026
Sunita Abraham,8027220866,sunita.abraham40@gmail.com,Walk-in,Test Drive Camp,Toyota Urban Cruiser Hyryder,Kollam,22/08/2026
Chandana Rajan,8982900391,chandana.rajan99@yahoo.com,Google,Lucky Draw Offer,Toyota Hilux,Kozhikode,07/08/2026
Gopika Iyer,8073755632,gopika.iyer7@gmail.com,Referral,Lucky Draw Offer,Toyota Innova Crysta,Idukki,17/08/2026
Lakshmi Mehta,7360240905,lakshmi.mehta98@yahoo.com,Google,Lucky Draw Offer,Toyota Camry Hybrid,Pathanamthitta,14/08/2026
Divya Agarwal,7953645978,divya.agarwal58@gmail.com,WhatsApp,Zero Down Payment,Toyota Fortuner,Palakkad,17/08/2026
Anu Rao,8658570832,anu.rao11@gmail.com,Meta,Monsoon Offers,Toyota Glanza,Kasaragod,05/08/2026
Swathi Nair,8232137626,swathi.nair61@gmail.com,Meta,Fleet Discount,Toyota Vellfire,Alappuzha,20/08/2026
Aarav Tripathi,7340272119,aarav.tripathi3@yahoo.com,Referral,Lucky Draw Offer,Toyota Corolla Cross,Kottayam,14/08/2026
Sanjay Verma,8237386857,sanjay.verma31@gmail.com,Meta,Zero Down Payment,Toyota Corolla Cross,Alappuzha,03/08/2026
Sanjay Shukla,9146750150,sanjay.shukla77@gmail.com,Instagram,Premium Drive,Toyota Urban Cruiser Hyryder,Idukki,05/08/2026
Amitha Sukumaran,7006718781,amitha.sukumaran79@gmail.com,Instagram,Diwali Bonanza,Toyota Innova Crysta,Kottayam,12/08/2026
Aditya George,9336814230,aditya.george65@gmail.com,Google,Summer Sale 2026,Toyota Hilux,Pathanamthitta,16/08/2026
Kavya Khan,8661642599,kavya.khan48@yahoo.com,Meta,Corporate Deal,Toyota Innova Crysta,Kollam,08/08/2026
Kavitha Khan,7445232926,kavitha.khan99@gmail.com,Walk-in,Diwali Bonanza,Toyota Fortuner,Kollam,18/08/2026
Bindhu Pandey,9760786161,bindhu.pandey23@gmail.com,Instagram,Fleet Discount,Toyota Vellfire,Ernakulam,06/08/2026
Swathi Menon,8965718821,swathi.menon5@yahoo.com,Meta,End of Year Deals,Toyota Fortuner,Kollam,10/08/2026
